<?xml version="1.0" encoding="utf-8"?>
<manifest identifier="_6KqUbbHlJ2V_course_id" version="1.0" xmlns="http://www.imsproject.org/xsd/imscp_rootv1p1p2" xmlns:adlcp="http://www.adlnet.org/xsd/adlcp_rootv1p2" xmlns:xsi="http://www.w3.org/2001/XMLSchema-instance" xsi:schemaLocation="http://www.imsproject.org/xsd/imscp_rootv1p1p2 imscp_rootv1p1p2.xsd http://www.imsglobal.org/xsd/imsmd_rootv1p2p1 imsmd_rootv1p2p1.xsd http://www.adlnet.org/xsd/adlcp_rootv1p2 adlcp_rootv1p2.xsd">
  <metadata>
    <schema>ADL SCORM</schema>
    <schemaversion>1.2</schemaversion>
    <lom xmlns="http://www.imsglobal.org/xsd/imsmd_rootv1p2p1" xmlns:xsi="http://www.w3.org/2001/XMLSchema-instance" xsi:schemaLocation="http://www.imsglobal.org/xsd/imsmd_rootv1p2p1 imsmd_rootv1p2p1.xsd">
      <general>
        <title>
          <langstring xml:lang="x-none">B&amp;D GAME Timely Communication</langstring>
        </title>
        <description>
          <langstring xml:lang="x-none">Practice Activity for Module
Keywords: B&amp;D GAME Timely Communication</langstring>
        </description>
        <keyword>
          <langstring xml:lang="x-none">B&amp;D GAME Timely Communication</langstring>
        </keyword>
      </general>
      <lifecycle>
        <version>
          <langstring xml:lang="x-none">1</langstring>
        </version>
        <status>
          <source>
            <langstring xml:lang="x-none">LOMv1.0</langstring>
          </source>
          <value>
            <langstring xml:lang="x-none">Final</langstring>
          </value>
        </status>
      </lifecycle>
      <metametadata>
        <metadatascheme>ADL SCORM 1.2</metadatascheme>
      </metametadata>
      <educational>
        <typicallearningtime>
          <datetime>PT0H0M0S</datetime>
        </typicallearningtime>
      </educational>
      <rights>
        <cost>
          <source>
            <langstring xml:lang="x-none">LOMv1.0</langstring>
          </source>
          <value>
            <langstring xml:lang="x-none">yes</langstring>
          </value>
        </cost>
        <copyrightandotherrestrictions>
          <source>
            <langstring xml:lang="x-none">LOMv1.0</langstring>
          </source>
          <value>
            <langstring xml:lang="x-none">yes</langstring>
          </value>
        </copyrightandotherrestrictions>
      </rights>
    </lom>
  </metadata>
  <organizations default="B&amp;D_GAME_Timely_Communication_ORG">
    <organization identifier="B&amp;D_GAME_Timely_Communication_ORG">
      <title>B&amp;D GAME Timely Communication</title>
      <item identifier="GAME_contruction_SCO" isvisible="true" identifierref="__6KqUbbHlJ2V_course_id_RES">
        <title>B&amp;D GAME Timely Communication</title>
      </item>
    </organization>
  </organizations>
  <resources>
    <resource identifier="__6KqUbbHlJ2V_course_id_RES" type="webcontent" href="index_lms.html" adlcp:scormtype="sco">
      <file href="story_content/thumbnail.jpg" />
      <file href="story_content/630aQeele0d_80_P_0_102_800_233_DX1442_DY1442.swf" />
      <file href="mobile/630aQeele0d_80_P_0_102_800_233_DX1442_DY1442_CX800_CY234.png" />
      <file href="story_content/67v1yS2bhha_80_DX800_DY800.swf" />
      <file href="mobile/67v1yS2bhha_80_DX800_DY800_CX207_CY600.png" />
      <file href="story_content/6Zce8oc4mAE_80_DX1440_DY1440.swf" />
      <file href="mobile/6Zce8oc4mAE_80_DX1440_DY1440_CX979_CY607.png" />
      <file href="story_content/video_6M9GPcu80vC_22_48_478x262.mp4" />
      <file href="mobile/video_6M9GPcu80vC_22_48_478x262.jpg" />
      <file href="story_content/5sYBycUgNnf_80_R747F9A_DX84_DY84.swf" />
      <file href="mobile/5sYBycUgNnf_80_R747F9A_DX84_DY84_CX62_CY52.png" />
      <file href="story_content/5sY1s1SRTsp_80_DX34_DY34.swf" />
      <file href="mobile/5sY1s1SRTsp_80_DX34_DY34_CX25_CY25.png" />
      <file href="story_content/5sYBycUgNnf_80_R747F9A_DX82_DY82.swf" />
      <file href="mobile/5sYBycUgNnf_80_R747F9A_DX82_DY82_CX60_CY50.png" />
      <file href="mobile/5sYBycUgNnf_80_R747F9A_DX82_DY82_CX51_CY43.png" />
      <file href="story_content/65xDNWRIuov_X_80_DX1166_DY1166.swf" />
      <file href="mobile/65xDNWRIuov_X_80_DX1166_DY1166_CX325_CY874.png" />
      <file href="story_content/6pcTKMDpXno_80_DX1422_DY1422.swf" />
      <file href="mobile/6pcTKMDpXno_80_DX1422_DY1422_CX355_CY1064.png" />
      <file href="story_content/6T58ZhBjFlB_80_DX1390_DY1390.swf" />
      <file href="mobile/6T58ZhBjFlB_80_DX1390_DY1390_CX303_CY1042.png" />
      <file href="story_content/6YlfS3zbYct_80_DX1264_DY1264.swf" />
      <file href="mobile/6YlfS3zbYct_80_DX1264_DY1264_CX325_CY948.png" />
      <file href="story_content/5k0TzzrB4wE_80_DX1354_DY1354.swf" />
      <file href="mobile/5k0TzzrB4wE_80_DX1354_DY1354_CX288_CY1015.png" />
      <file href="meta.xml" />
      <file href="story_content/FontFactory.swf" />
      <file href="story_content/fonts.swf" />
      <file href="story_content/frame.xml" />
      <file href="story_content/frame.json" />
      <file href="story_content/user.js" />
      <file href="story.swf" />
      <file href="story_content/frame.swf" />
      <file href="story_content/slides/6KJH2Wpo32D.swf" />
      <file href="story_content/slides/5hztErtUlrG.swf" />
      <file href="story_content/slides/5dQidPOGCQK.swf" />
      <file href="story_content/data.swf" />
      <file href="html5/data/css/output.min.css" />
      <file href="html5/data/js/5dQidPOGCQK.js" />
      <file href="html5/data/js/5hztErtUlrG.js" />
      <file href="html5/data/js/6KJH2Wpo32D.js" />
      <file href="html5/data/js/data.js" />
      <file href="html5/data/js/frame.js" />
      <file href="html5/data/js/paths.js" />
      <file href="html5/lib/scripts/app.min.js" />
      <file href="html5/lib/stylesheets/main.min.css" />
      <file href="html5/lib/stylesheets/mobile-fonts/open-sans-bold.woff" />
      <file href="html5/lib/stylesheets/mobile-fonts/open-sans-light.woff" />
      <file href="html5/lib/stylesheets/mobile-fonts/open-sans-regular.woff" />
      <file href="story.html" />
      <file href="story_flash.html" />
      <file href="story_html5.html" />
      <file href="story_content/blank.html" />
      <file href="story_content/story.js" />
      <file href="index_lms.html" />
      <file href="index_lms_html5.html" />
      <file href="index_lms_flash.html" />
      <file href="lms/AICCComm.html" />
      <file href="lms/AICCFunctions.js" />
      <file href="lms/API.js" />
      <file href="lms/APIConstants.js" />
      <file href="lms/blank.html" />
      <file href="lms/browsersniff.js" />
      <file href="lms/Configuration.js" />
      <file href="lms/goodbye.html" />
      <file href="lms/lms.js" />
      <file href="lms/LMSAPI.js" />
      <file href="lms/NONEFunctions.js" />
      <file href="lms/SCORM2004Functions.js" />
      <file href="lms/SCORMFunctions.js" />
      <file href="lms/UtilityFunctions.js" />
    </resource>
  </resources>
</manifest>