﻿<?xml version="1.0" encoding="utf-8"?><meta xmlns:xsi="http://www.w3.org/2001/XMLSchema-instance" xmlns:xsd="http://www.w3.org/2001/XMLSchema"><project id="6nU89xf3avU" courseid="6KqUbbHlJ2V_course_id" thumburl="story_content/thumbnail.jpg" title="B&amp;D GAME Timely Communication" datepublished="2017-08-18T01:27:44" version="1.0.0.0" flashdata="story_content/data.swf" html5data="mobile/data.json" mobiledata="mobile/data.gz" enabledownload="false" duration="About 1 minute" totalaudio="0" totalvideo="33100"><description>Practice Activity for Module
Keywords: B&amp;D GAME Timely Communication</description><keywords>B&amp;D GAME Timely Communication</keywords><slidemeta moniker="slide" monikerplural="slides" viewslides="3" slidecountdescription="3 slides" /><author name="Miami Dade College" email="mdcinfo@mdc.edu" website="http://www.mdc.edu/" /><application name="Articulate Storyline" version="3.7.12674.0" xmlversion="4.0" /></project></meta>